iter	Logloss
0	0.6577797811
1	0.6261540135
2	0.6012274942
3	0.5802381031
4	0.5618901321
5	0.5449883298
6	0.533341898
7	0.5206033987
8	0.5099858612
9	0.501232569
